Day of the Week,Name of Recipe,Link to Recipe,Price of Recipe
,Biscuit Chicken Pot Pie,https://tastesbetterfromscratch.com/biscuit-chicken-pot-pie/,
,Quinoa Burger,https://tastesbetterfromscratch.com/quinoa-veggie-burger/,
,Short Rib Ragu,https://tastesbetterfromscratch.com/short-rib-ragu/,
,Cabbage Roll Soup,https://tastesbetterfromscratch.com/cabbage-roll-soup/,
,Print Shopping List,https://tastesbetterfromscratch.com/wp-content/uploads/2025/09/Meal-Plan-210_Tastes-Better-From-Scratch.pdf,
,Easy Tiramisu,https://tastesbetterfromscratch.com/easy-tiramisu/,
,Pad Thai,https://tastesbetterfromscratch.com/pad-thai/,
,Healthy Granola,https://tastesbetterfromscratch.com/granola/,
,Classic Potato Salad,https://tastesbetterfromscratch.com/traditional-potato-salad/,
,Sheet Pan Chicken Fajitas,https://tastesbetterfromscratch.com/sheet-pan-chicken-fajitas/,
,Pink Sauce Pasta,https://tastesbetterfromscratch.com/pink-sauce-pasta/,
,Braised Short Ribs,https://tastesbetterfromscratch.com/braised-short-ribs/,
,One Pan Jambalaya,https://tastesbetterfromscratch.com/one-pan-jambalaya/,
,Sponsor the TBFS Newsletter,https://tastesbetterfromscratch.com/sponsor,
,Privacy Policy,https://tastesbetterfromscratch.com/privacy-policy/,
,Privacy Policy and Disclosure,https://tastesbetterfromscratch.com/privacy-policy/,
